<?xml version="1.0" encoding="UTF-8"?>
<GenRun Id="impl_1" LaunchPart="xc7a100tcsg324-1" LaunchTime="1749113791">
  <File Type="PA-TCL" Name="automat.tcl"/>
  <File Type="REPORTS-TCL" Name="automat_reports.tcl"/>
  <File Type="INIT-TIMING" Name="automat_timing_summary_init.rpt"/>
  <File Type="OPT-DCP" Name="automat_opt.dcp"/>
  <File Type="OPT-DRC" Name="automat_drc_opted.rpt"/>
  <File Type="OPT-METHODOLOGY-DRC" Name="automat_methodology_drc_opted.rpt"/>
  <File Type="OPT-HWDEF" Name="automat.hwdef"/>
  <File Type="OPT-TIMING" Name="automat_timing_summary_opted.rpt"/>
  <File Type="OPT-RQA-PB" Name="automat_rqa_opted.pb"/>
  <File Type="PWROPT-DCP" Name="automat_pwropt.dcp"/>
  <File Type="PWROPT-DRC" Name="automat_drc_pwropted.rpt"/>
  <File Type="PWROPT-TIMING" Name="automat_timing_summary_pwropted.rpt"/>
  <File Type="PLACE-DCP" Name="automat_placed.dcp"/>
  <File Type="PLACE-IO" Name="automat_io_placed.rpt"/>
  <File Type="PLACE-CLK" Name="automat_clock_utilization_placed.rpt"/>
  <File Type="PLACE-UTIL" Name="automat_utilization_placed.rpt"/>
  <File Type="PLACE-UTIL-PB" Name="automat_utilization_placed.pb"/>
  <File Type="PLACE-CTRL" Name="automat_control_sets_placed.rpt"/>
  <File Type="PLACE-SIMILARITY" Name="automat_incremental_reuse_placed.rpt"/>
  <File Type="PLACE-PRE-SIMILARITY" Name="automat_incremental_reuse_pre_placed.rpt"/>
  <File Type="PLACE-TIMING" Name="automat_timing_summary_placed.rpt"/>
  <File Type="PLACE-RQA-PB" Name="automat_rqa_placed.pb"/>
  <File Type="POSTPLACE-PWROPT-DCP" Name="automat_postplace_pwropt.dcp"/>
  <File Type="POSTPLACE-PWROPT-TIMING" Name="automat_timing_summary_postplace_pwropted.rpt"/>
  <File Type="PHYSOPT-DCP" Name="automat_physopt.dcp"/>
  <File Type="PHYSOPT-DRC" Name="automat_drc_physopted.rpt"/>
  <File Type="PHYSOPT-TIMING" Name="automat_timing_summary_physopted.rpt"/>
  <File Type="ROUTE-ERROR-DCP" Name="automat_routed_error.dcp"/>
  <File Type="ROUTE-DCP" Name="automat_routed.dcp"/>
  <File Type="ROUTE-BLACKBOX-DCP" Name="automat_routed_bb.dcp"/>
  <File Type="ROUTE-DRC" Name="automat_drc_routed.rpt"/>
  <File Type="ROUTE-DRC-PB" Name="automat_drc_routed.pb"/>
  <File Type="ROUTE-DRC-RPX" Name="automat_drc_routed.rpx"/>
  <File Type="ROUTE-METHODOLOGY-DRC" Name="automat_methodology_drc_routed.rpt"/>
  <File Type="ROUTE-METHODOLOGY-DRC-RPX" Name="automat_methodology_drc_routed.rpx"/>
  <File Type="ROUTE-METHODOLOGY-DRC-PB" Name="automat_methodology_drc_routed.pb"/>
  <File Type="ROUTE-PWR" Name="automat_power_routed.rpt"/>
  <File Type="ROUTE-PWR-SUM" Name="automat_power_summary_routed.pb"/>
  <File Type="ROUTE-PWR-RPX" Name="automat_power_routed.rpx"/>
  <File Type="ROUTE-STATUS" Name="automat_route_status.rpt"/>
  <File Type="ROUTE-STATUS-PB" Name="automat_route_status.pb"/>
  <File Type="ROUTE-TIMINGSUMMARY" Name="automat_timing_summary_routed.rpt"/>
  <File Type="ROUTE-TIMING-PB" Name="automat_timing_summary_routed.pb"/>
  <File Type="ROUTE-TIMING-RPX" Name="automat_timing_summary_routed.rpx"/>
  <File Type="ROUTE-SIMILARITY" Name="automat_incremental_reuse_routed.rpt"/>
  <File Type="ROUTE-CLK" Name="automat_clock_utilization_routed.rpt"/>
  <File Type="ROUTE-BUS-SKEW" Name="automat_bus_skew_routed.rpt"/>
  <File Type="ROUTE-BUS-SKEW-PB" Name="automat_bus_skew_routed.pb"/>
  <File Type="ROUTE-BUS-SKEW-RPX" Name="automat_bus_skew_routed.rpx"/>
  <File Type="ROUTE-RQS-PB" Name="automat_rqs_routed.pb"/>
  <File Type="POSTROUTE-PHYSOPT-DCP" Name="automat_postroute_physopt.dcp"/>
  <File Type="POSTROUTE-PHYSOPT-BLACKBOX-DCP" Name="automat_postroute_physopt_bb.dcp"/>
  <File Type="POSTROUTE-PHYSOPT-TIMING" Name="automat_timing_summary_postroute_physopted.rpt"/>
  <File Type="POSTROUTE-PHYSOPT-TIMING-PB" Name="automat_timing_summary_postroute_physopted.pb"/>
  <File Type="POSTROUTE-PHYSOPT-TIMING-RPX" Name="automat_timing_summary_postroute_physopted.rpx"/>
  <File Type="POSTROUTE-PHYSOPT-BUS-SKEW" Name="automat_bus_skew_postroute_physopted.rpt"/>
  <File Type="POSTROUTE-PHYSOPT-BUS-SKEW-PB" Name="automat_bus_skew_postroute_physopted.pb"/>
  <File Type="POSTROUTE-PHYSOPT-BUS-SKEW-RPX" Name="automat_bus_skew_postroute_physopted.rpx"/>
  <File Type="BG-BIT" Name="automat.bit"/>
  <File Type="BG-BIN" Name="automat.bin"/>
  <File Type="BITSTR-MSK" Name="automat.msk"/>
  <File Type="BITSTR-RBT" Name="automat.rbt"/>
  <File Type="BITSTR-NKY" Name="automat.nky"/>
  <File Type="BITSTR-BMM" Name="automat_bd.bmm"/>
  <File Type="BITSTR-MMI" Name="automat.mmi"/>
  <File Type="PDI-FILE" Name="automat.pdi"/>
  <File Type="BOOT-PDI-FILE" Name="automat_boot.pdi"/>
  <File Type="PL-PDI-FILE" Name="automat_pld.pdi"/>
  <File Type="RCFI_FILE" Name="automat.rcfi"/>
  <File Type="CFI_FILE" Name="automat.cfi"/>
  <File Type="RNPI_FILE" Name="automat.rnpi"/>
  <File Type="NPI_FILE" Name="automat.npi"/>
  <File Type="RBD_FILE" Name="automat.rbd"/>
  <File Type="BITSTR-LTX" Name="debug_nets.ltx"/>
  <File Type="BITSTR-LTX" Name="automat.ltx"/>
  <File Type="BITSTR-SYSDEF" Name="automat.sysdef"/>
  <File Type="BG-BGN" Name="automat.bgn"/>
  <File Type="BG-DRC" Name="automat.drc"/>
  <File Type="RDI-RDI" Name="automat.vdi"/>
  <File Type="WBT-USG" Name="usage_statistics_webtalk.html"/>
  <File Type="ROUTE-RQS" Name="automat_routed.rqs"/>
  <File Type="POSTROUTE-PHYSOPT-RQS" Name="automat_postroute_physopted.rqs"/>
  <File Type="ROUTE-RQS-RPT" Name="route_report_qor_suggestions_0.rpt"/>
  <File Type="POSTROUTE-PHYSOPT-RQS-RPT" Name="postroute_physopt_report_qor_suggestions_0.rpt"/>
  <FileSet Name="sources" Type="DesignSrcs" RelSrcDir="$PSRCDIR/sources_1" RelGenDir="$PGENDIR/sources_1">
    <Filter Type="Srcs"/>
    <File Path="$PPRDIR/../Comparator_suma/Comparator_suma.srcs/sources_1/new/Comparator_suma.vhd">
      <FileInfo>
        <Attr Name="UsedIn" Val="synthesis"/>
        <Attr Name="UsedIn" Val="simulation"/>
      </FileInfo>
    </File>
    <File Path="$PPRDIR/../Dist_select_registru/Dist_select_registru.srcs/sources_1/new/Dist_select_registru.vhd">
      <FileInfo>
        <Attr Name="UsedIn" Val="synthesis"/>
        <Attr Name="UsedIn" Val="simulation"/>
      </FileInfo>
    </File>
    <File Path="$PPRDIR/../Registru_Sum_part/Registru_Sum_part.srcs/sources_1/new/Registru_sum_part.vhd">
      <FileInfo>
        <Attr Name="UsedIn" Val="synthesis"/>
        <Attr Name="UsedIn" Val="simulation"/>
      </FileInfo>
    </File>
    <File Path="$PPRDIR/../Scazator_rest/Scazator_rest.srcs/sources_1/new/Scazator_rest.vhd">
      <FileInfo>
        <Attr Name="UsedIn" Val="synthesis"/>
        <Attr Name="UsedIn" Val="simulation"/>
      </FileInfo>
    </File>
    <File Path="$PPRDIR/../Structura_stoc/Structura_stoc.srcs/sources_1/new/Structura_Stoc.vhd">
      <FileInfo>
        <Attr Name="UsedIn" Val="synthesis"/>
        <Attr Name="UsedIn" Val="simulation"/>
      </FileInfo>
    </File>
    <File Path="$PPRDIR/../UE_bilete/UE_bilete.srcs/sources_1/new/UE_bilete.vhd">
      <FileInfo>
        <Attr Name="UsedIn" Val="synthesis"/>
        <Attr Name="UsedIn" Val="simulation"/>
      </FileInfo>
    </File>
    <File Path="$PPRDIR/../Uc_bilete/Uc_bilete.srcs/sources_1/new/Uc_bilete.vhd">
      <FileInfo>
        <Attr Name="UsedIn" Val="synthesis"/>
        <Attr Name="UsedIn" Val="simulation"/>
      </FileInfo>
    </File>
    <File Path="$PPRDIR/../Verificator_stoc_rest/Verificator_stoc_rest.srcs/sources_1/new/Verificator_stoc_rest.vhd">
      <FileInfo>
        <Attr Name="UsedIn" Val="synthesis"/>
        <Attr Name="UsedIn" Val="simulation"/>
      </FileInfo>
    </File>
    <File Path="$PPRDIR/../../../7_segment/7_segment.srcs/sources_1/new/bcd7segment.vhd">
      <FileInfo>
        <Attr Name="UsedIn" Val="synthesis"/>
        <Attr Name="UsedIn" Val="simulation"/>
      </FileInfo>
    </File>
    <File Path="$PPRDIR/../../../convertor_vector_to_cifre/convertor_vector_to_cifre.srcs/sources_1/new/convertor_vector_to_cifre.vhd">
      <FileInfo>
        <Attr Name="UsedIn" Val="synthesis"/>
        <Attr Name="UsedIn" Val="simulation"/>
      </FileInfo>
    </File>
    <File Path="$PPRDIR/../../../mpg/mpg.srcs/sources_1/new/mpg.vhd">
      <FileInfo>
        <Attr Name="UsedIn" Val="synthesis"/>
        <Attr Name="UsedIn" Val="simulation"/>
      </FileInfo>
    </File>
    <File Path="$PSRCDIR/sources_1/new/automat.vhd">
      <FileInfo>
        <Attr Name="UsedIn" Val="synthesis"/>
        <Attr Name="UsedIn" Val="simulation"/>
      </FileInfo>
    </File>
    <File Path="$PPRDIR/../../../seven_segment_afis/seven_segment_afis.srcs/sources_1/new/seven_segment_afis.vhd">
      <FileInfo>
        <Attr Name="AutoDisabled" Val="1"/>
        <Attr Name="UsedIn" Val="synthesis"/>
        <Attr Name="UsedIn" Val="simulation"/>
      </FileInfo>
    </File>
    <Config>
      <Option Name="DesignMode" Val="RTL"/>
      <Option Name="TopModule" Val="automat"/>
    </Config>
  </FileSet>
  <FileSet Name="constrs_in" Type="Constrs" RelSrcDir="$PSRCDIR/constrs_1" RelGenDir="$PGENDIR/constrs_1">
    <Filter Type="Constrs"/>
    <File Path="$PPRDIR/../../../automat_bilete.xdc">
      <FileInfo>
        <Attr Name="UsedIn" Val="synthesis"/>
        <Attr Name="UsedIn" Val="implementation"/>
      </FileInfo>
    </File>
    <Config>
      <Option Name="ConstrsType" Val="XDC"/>
    </Config>
  </FileSet>
  <FileSet Name="utils" Type="Utils" RelSrcDir="$PSRCDIR/utils_1" RelGenDir="$PGENDIR/utils_1">
    <Filter Type="Utils"/>
    <File Path="$PSRCDIR/utils_1/imports/synth_1/automat.dcp">
      <FileInfo>
        <Attr Name="UsedIn" Val="synthesis"/>
        <Attr Name="UsedIn" Val="implementation"/>
        <Attr Name="UsedInSteps" Val="synth_1"/>
        <Attr Name="AutoDcp" Val="1"/>
      </FileInfo>
    </File>
    <Config>
      <Option Name="TopAutoSet" Val="TRUE"/>
    </Config>
  </FileSet>
  <Strategy Version="1" Minor="2">
    <StratHandle Name="Vivado Implementation Defaults" Flow="Vivado Implementation 2024"/>
    <Step Id="init_design"/>
    <Step Id="opt_design"/>
    <Step Id="power_opt_design"/>
    <Step Id="place_design"/>
    <Step Id="post_place_power_opt_design"/>
    <Step Id="phys_opt_design"/>
    <Step Id="route_design"/>
    <Step Id="post_route_phys_opt_design"/>
    <Step Id="write_bitstream"/>
  </Strategy>
</GenRun>
